<?xml version="1.0" encoding="UTF-8"?>
<project-private xmlns="http://www.netbeans.org/ns/project-private/1">
    <editor-bookmarks xmlns="http://www.netbeans.org/ns/editor-bookmarks/2" lastBookmarkId="0"/>
    <open-files xmlns="http://www.netbeans.org/ns/projectui-open-files/2">
        <group>
            <file>file:/Users/wtccuser/Documents/mobileapps/Solutions/OfflineCokcc/public_html/mobile/ministries.html</file>
            <file>file:/Users/wtccuser/Documents/mobileapps/Solutions/OfflineCokcc/public_html/mobile/index.html</file>
            <file>file:/Users/wtccuser/Documents/mobileapps/Solutions/OfflineCokcc/public_html/desktop/podcast.html</file>
            <file>file:/Users/wtccuser/Documents/mobileapps/Solutions/OfflineCokcc/public_html/desktop/smallgroupleaders.html</file>
            <file>file:/Users/wtccuser/Documents/mobileapps/Solutions/OfflineCokcc/public_html/mobile/podcast.html</file>
            <file>file:/Users/wtccuser/Documents/mobileapps/Solutions/OfflineCokcc/public_html/mobile/youtubelist.html</file>
        </group>
    </open-files>
</project-private>
